question,distribution,supports
"Middle East // When it comes to their values, how much do you think immigrants from each of the following regions have in common with most Americans?","{""A great deal"": 0.283175, ""A fair amount"": 0.282341, ""Some"": 0.144281, ""Not too much"": 0.19242, ""Nothing at all"": 0.097783}","[""HS6KJNKVK2"", ""U8SCYGK4J5"", ""QXVDUSUU62"", ""NSJH5FZPLS"", ""4VRG2T3CR8"", ""JWE6LWD9EU"", ""XMFL39SFLB"", ""RJEQK5N2AY"", ""U5Y8JDJZ2R"", ""6MVBSKRV7N"", ""6ECRA5BUNC"", ""6N4JXHJWU8"", ""CSK4LZK7P9"", ""YUC52WMS9S"", ""3K7MNHF3TA"", ""E5DCZECYTU"", ""9LKYF2WPAN"", ""886GQJVMLN"", ""RQHW2L7TUM"", ""F9R5SNB2YF"", ""38M2CC87QT"", ""628UDTC4BM"", ""TPGENAB8FB"", ""4T9SJRSR7W"", ""T8Z9CVNJAY"", ""Y8R6FMQVXV"", ""NF92N9D72J"", ""KH5KBNSRBK"", ""JXLCD8HNEL"", ""9E86ED7M3J"", ""LJYVJMMC5T"", ""V8MNNKQP42"", ""STPACBZLE4"", ""Z466G6W7CG"", ""SNCPCYLNWH"", ""9BUQXAF7VK"", ""T9GBUZX3NZ"", ""EL6LTVR8TW"", ""5HDHFJZ789"", ""9YEA8JCMXP"", ""T4WD8QMVMF"", ""Q966QJTJ4Z"", ""WT2PPATCCH"", ""RQLBDEC6AM"", ""65NRZAXS3T"", ""2J2G5K5FP9"", ""RS28QTVUJW"", ""CP3QGEPLA2"", ""T6TDYPQPJT"", ""74ST6FEZ9A"", ""HGY2XSNCRX"", ""WZEMNJ9DGT"", ""RX8EQYCQHM"", ""VXGK9SURHQ"", ""EJKULHZCAW"", ""9SDMTF69JG"", ""JLZDBMMHU7"", ""CKWNKCKL3Y"", ""JSF6T4AJUH"", ""JVUG4K67UQ"", ""SCAW5BECK2"", ""7QXW557XVL"", ""5CZAXC5UA3"", ""CGFRDWT9AP"", ""VPN5QM2KVG"", ""R3G2KXKYVB"", ""4BU4RJBW5W"", ""JQEMYYKDGL"", ""UWVT48L4YM"", ""VAFBETKUH8"", ""FMXAE5LNSF"", ""VJ9QPSQ6XA"", ""F3GKBEUZD9"", ""VCL393NCWX"", ""SJ39RYYNLD"", ""DHUWPA8RAH"", ""J92J2H6CDC"", ""M9DY4XLEPT"", ""EJJGWR9LDP"", ""6MVJLASH7N"", ""NDUB57EJW6"", ""7E3WAW5ERY"", ""SVAERZZXVF"", ""LVRFBMHN7A"", ""DJNKYX33C8"", ""T68XECVEPH"", ""TBTMPPGPTF"", ""C32PGPSKZF"", ""SNG353R7NC"", ""Q5ABG7YRKX"", ""EMZCU3V995"", ""QRUNGCHBFX"", ""KJC4J9RZ7C"", ""UEGQTZUHNL"", ""NAQ96YRCH9"", ""QHDYLP95FH"", ""QD5G4PR339"", ""CEU4JX5MMQ"", ""8NVK4GL6RF"", ""82963HAQNV""]"
Crime // What type of impact do you think immigrants living in the country illegally are having on each of the following areas?,"{""Making things better"": 0.394317, ""Making things worse"": 0.091632, ""Not having much effect"": 0.514051}","[""G5QSQ3P6HW"", ""XMX7J9T5HH"", ""KANDB6VQ4C"", ""2U52R4NEYZ"", ""3KD87835YL"", ""EVJZDEVVN6"", ""D6ZDZJTH6A"", ""26WRHEGHWA"", ""8RFL4Z487Y"", ""PJZ9CD9F78"", ""SG4HZ9ZD4L"", ""UKT465ASXR"", ""PRKPY5HWZH"", ""W26RUWDBR5"", ""FMTS5G226N"", ""PCG4PKW5U2"", ""RTMN7AQAVM"", ""74BGMEUXV5"", ""5URSTHY4TZ"", ""VG5JX53LTM"", ""KVFWQJDKPN"", ""3KF73TWR92"", ""ELUV2GTUPG"", ""XAX2D7V8BW"", ""DS873EDZD6"", ""XBGNAE3Z37"", ""E8RZ6ZYAFK"", ""2BQSCM9TPJ"", ""23QTJXJJTY"", ""S4J4BZJ7C2"", ""ZQK86B48NJ"", ""6BJDAVBCMV"", ""7LGBZ8EFJK"", ""3NA9RVFUF6"", ""DJAVYCHV9R"", ""H9GL34XW3S"", ""5U3EBVAPZR"", ""9CQYAHU65N"", ""L2UZAAGCMB"", ""CL386LKUEC"", ""QAFWC9JYHJ"", ""PRFD8ZKDMA"", ""G6LLVZ3K5N"", ""BSBDC82BFY"", ""TS3SJBVL4V"", ""Z9ARYSER52"", ""VM6AFA246M"", ""W74L9ZLNQ3"", ""ESEP3TZY39"", ""QL38ERN3JV"", ""YBQJE43L62"", ""FWKN2H578X"", ""LM7XMMSBL8"", ""96GFEN8B4F"", ""DFBXRDHLJB"", ""FWLTSBCYMQ"", ""VX3N2C828Z"", ""JM4CHYR7F9"", ""6EM7UCBA8E"", ""WL5AHBNGCC"", ""3CMYKKL3KU"", ""Y99XAVVR7B"", ""M83XUNMDC3"", ""23R3MN7JCJ"", ""4HLN85JBH3"", ""MUWD4B8T7M"", ""8SSZUN5B8Q"", ""RE776EV9WJ"", ""HCXFUKK22N"", ""MH6XKKMG9C"", ""38LV4VBSGW"", ""SMN8423HMK"", ""544VH29674"", ""DUD9QUDGES"", ""K87BPXDCYY"", ""87WAC9L3KZ"", ""FAVW3RLBAK"", ""7CBL6RKCG2"", ""RPEQBMPE7Q"", ""7BVPCS86WU"", ""M7BLPLYKCQ"", ""3G8P8ZS7NQ"", ""9QUP8LQDU9"", ""7MWLJVZSHS"", ""ML86UQDNQX"", ""4LG9Q2TNUL"", ""ZTG53EHE67"", ""VTJC6AENAC"", ""PC7XLMPMT8"", ""HWPDJBJUN3"", ""4H7X49ZR42"", ""GTFGUECFUL"", ""J2ZQPLYMQ9"", ""FBBWLN8FL4"", ""HH7WFRBDYN"", ""JGT2AYYBD8"", ""D8T9PZSPJC"", ""JMTJF43N2D"", ""4CCSRVQHJZ"", ""77UWZ37JLJ""]"
Do you listen to the radio?,"{""Yes"": 0.596677, ""No"": 0.403323}","[""XJH8X7DWAH"", ""5RSKTWH2U9"", ""7UTX9TQKPN"", ""M76CZLGAK8"", ""XUV8AKBTXF"", ""GXTPQUPEPA"", ""LS66VADSRE"", ""GBTMDUXMKB"", ""V3795BP85T"", ""WKRGK5TZ27"", ""9YQNH6SZL6"", ""99Q23Q55U4"", ""RN2YGV6TK2"", ""ZK94QDK75K"", ""FQ7JJAWN6A"", ""7DCPYHULX6"", ""QAG8DYRB24"", ""C8W3H6G2NA"", ""GHESP8Y2VZ"", ""CAMQ8RYS77"", ""UUU8ZVW7V6"", ""W6QW2K6FAE"", ""K8KLSHTNZF"", ""CEM6P4WS5G"", ""DUMDN3LFZL"", ""KVSS56HPW6"", ""WURN3S56P7"", ""RV5KMP4ST2"", ""U6FEDFMQ9U"", ""7YJF5Y2B6Y"", ""6QKDWAU32Z"", ""87MGK65TYN"", ""2JSB974ZHA"", ""5LM54JRCST"", ""NQ62VVPG5P"", ""R68C546C58"", ""NZ4JNPCKJ8"", ""5AS2V8R64N"", ""ZCEVHYA488"", ""6WFJ5DMH4Y"", ""858LYEBXLS"", ""RYUNNWR2EN"", ""CK4YFRQEY2"", ""QPHWQNFZVK"", ""XVQPQZYE26"", ""6J577ZEYSN"", ""XHEQ7MBPP7"", ""KQ86G3G5JG"", ""D882HNLWZN"", ""3AULELESHL"", ""TDDJGE38AH"", ""GVJ2QSS8U3"", ""YXXFGT9F4N"", ""LX2Y3SWH88"", ""K3JZ2KWBC4"", ""FY5E8XWYMU"", ""YFJJPZL3EZ"", ""Z7KZ5M8WE5"", ""VA6NHV6V2Z"", ""96XHKETPZA"", ""WPUQ3HAAB3"", ""37K55A52R4"", ""XRGS2VMSDH"", ""PRDYP8LAYG"", ""6YNTWKCKDV"", ""MHDXNHY5GB"", ""69W5QJJ9EM"", ""QRAPEE6TAQ"", ""4U73HNT4YP"", ""N8BVQTA4VY"", ""6RX4S7TDUB"", ""ZVLU8EN77A"", ""LA3T3C64KA"", ""SBUJP2W4DL"", ""UXVHGVAJBJ"", ""TTQBGBBJ7B"", ""4XJE8Y6ERZ"", ""XBHJ3VNL4U"", ""SDG3EVR678"", ""GBN4EGEW8L"", ""RTXFTEGZRJ"", ""4U5UN6NDS2"", ""H5K48F5Z3T"", ""XJZLMJK8ZS"", ""GC4JJWRF53"", ""RLACAHZAHC"", ""R9CJ2R8F8K"", ""X35VS24V38"", ""39CPB35FUY"", ""YNXRETDU8P"", ""2CF4NC3L9G"", ""SVXQ5FLUNH"", ""2UEGV6TUXX"", ""8Q4CEEMTLJ"", ""V5BJKJMUBX"", ""9P4C4G2LST"", ""6ECRYH682R"", ""6H7M27JPLW"", ""QH2MEKR5TC"", ""75K6WSGZTP""]"
Have you ever experienced or believed in any of the following?,"{""Had a sudden feeling of connection with something from beyond this world"": 0.284525, ""Had a strong feeling that someone who has passed away was communicating with you from beyond this world"": 0.405006, ""Believe that spirits or unseen spiritual forces exist and have personally encountered one"": 0.310469}","[""X5QYTKACUK"", ""V8A5VWRUU7"", ""F62HPQ92R7"", ""TNTV6AAY47"", ""SHVDTDMG2D"", ""RV8FVECVGR"", ""G4ZBEUJ3SN"", ""NRX4KV3JYL"", ""MMZL8PEJAE"", ""3BDA25SPX9"", ""5CTMG5Q9AH"", ""84DHVRNTXS"", ""F6WAXU3Z76"", ""6DKLLHTGX5"", ""75QVMDH4KR"", ""F2N89MFJWH"", ""GVUEEKE595"", ""MSTMF3AWYQ"", ""HA4ZLGZTKY"", ""S7PFLG6E7T"", ""ZJ2M94WVHW"", ""ZMZVZMETPD"", ""CM2H9LGP65"", ""R3TWSSVHC7"", ""HFU8NAV3V7"", ""PM9C4GZY8X"", ""8YW7A6WWSM"", ""PNGFX4VRTN"", ""JJYZDKFX8G"", ""5Y5HWZEFLV"", ""VJWBZX8BP6"", ""ENLDRS7NUU"", ""MF59927DWY"", ""FRMQXX3YUQ"", ""VVHVXMEPV8"", ""YGV5KNH72U"", ""XDEBAXPESY"", ""TY4B3QMMLC"", ""TLCGE9WRDS"", ""PLTB54G2PS"", ""35357SR5Z7"", ""WCBXL2CF8B"", ""HN3V574T5F"", ""75QKZBHKWC"", ""REJU4U5G6T"", ""D8U2PFJ5T2"", ""D34E6HBFXG"", ""FFSUBR3RKG"", ""YMD79SUAEN"", ""SMWAENAADR"", ""Q4HMVMKMQE"", ""DLJ8WJJCT3"", ""FAEZWPJAJ2"", ""6R2RPTZGU4"", ""TG7VL8JB9B"", ""ZL59QCVCYB"", ""KXPPDPZ6M7"", ""8SQQ2DHXYN"", ""WQKMMPDUGB"", ""HHTCQC5QA4"", ""JWWHUPRLQE"", ""QSS87JXWTQ"", ""Y89XMRLQZG"", ""GA7HLHWMKM"", ""B3FUVEBFF7"", ""ELT2DRGCQX"", ""WDTZA3LPVT"", ""KWCBAJV43B"", ""T2DWGFQ5P6"", ""H9U95UYWV5"", ""VK7L5YFZCV"", ""PZ2JKYMBDR"", ""PSVJ9GAF4Y"", ""D424E67QDP"", ""YGYQEXMQCF"", ""6YV2STBUMM"", ""S6ZF93XSVK"", ""CZVMKQX5JW"", ""MPALEF2MNK"", ""TAEEJLPEB3"", ""9D8JAFU7QP"", ""Z4RBUSELHU"", ""7ZD2268MNP"", ""PT8JBLHTRY"", ""SRRLEEH7SQ"", ""87WN4A6VQF"", ""VG84RDSVSM"", ""GSVUQKPP6L"", ""3U6T6JJHRL"", ""M6KP3P4KRT"", ""7CMB3WBHMB"", ""YN5FG44KB6"", ""W2CXBJMTK4"", ""ETD7A73D9W"", ""5RNKMX43QZ"", ""QY6NCT4VS4"", ""65WUKK493Q"", ""T3ST53LGSR"", ""NVND9LHRBV"", ""HJ9DT4GT4B""]"
What benefits do you think video games provide?,"{""Bring people joy"": 0.141235, ""Provide mental stimulation"": 0.052891, ""Provide stress relief"": 0.025501, ""Help improve cognitive skills"": 0.103959, ""Create a feeling of community"": 0.676414}","[""TF6P4HJE2A"", ""XBXH3UAH6C"", ""R6YUR486KA"", ""ZJAR2GYG2B"", ""WQQGKCW8VK"", ""G9XTY9HXP8"", ""H6JJKEQ6K5"", ""TREWJFH9H8"", ""MTHYYSZJX4"", ""F3J7FEA396"", ""TBVRN6WLU2"", ""C8LPNCRY3G"", ""JCD5PK43A6"", ""8PKPYVD3FG"", ""D5W5WGFAZR"", ""VKUZQXK2Z2"", ""5ZYHW9JWRM"", ""X9D7A73UQR"", ""PL6A4F24UY"", ""R4GENGUYDU"", ""EYFFEBQQDT"", ""SC6ESZVK52"", ""D2EL3N2RGJ"", ""5EAXCANNWT"", ""UWY6GAW9GY"", ""8NX5ZPBVER"", ""BLF6SSATEG"", ""XR8CVVQYVE"", ""DRS2EEMY5A"", ""UCT78GWWZZ"", ""8FRB9P8CYK"", ""8JQC8GJN4D"", ""T5N8VXU9D2"", ""E4UKK39BU6"", ""HEVD53UVGF"", ""2NXK3H6ZKL"", ""3T424TDYCB"", ""ZSQMEPUW35"", ""NRKPY39YV4"", ""J5U95DRWY3"", ""YMX2U9248W"", ""MN3E38HQ26"", ""XZHJZXLWQR"", ""FZGKT26SJ8"", ""NGAB4MJPB8"", ""86JYBBBGKE"", ""W8HU227NQ7"", ""KVYXMLVNJJ"", ""688QNAFQ42"", ""NZ62QY72HT"", ""9JVFXQJ66C"", ""TNWUJXUB6A"", ""HVAB7CF2AC"", ""J4LU454C4M"", ""9PUA2N27WB"", ""FFQFSS7RA3"", ""PS9PBH54AM"", ""5P3LZU278W"", ""SGC9F3Q538"", ""RSA2KLQ2SH"", ""WPUV3MYDDQ"", ""XUPZRPQ49V"", ""ZRJSHRJ53Y"", ""BQ78K79YHM"", ""N5N52HQWRG"", ""KUSBJ43ADC"", ""3J72AEWMC4"", ""97VWS5N7TH"", ""3KB4ECENCM"", ""2C7QLHAPKN"", ""TXPBWJWDGL"", ""N222SGM49Z"", ""P4EUS4VGZQ"", ""8G4R5KTUFR"", ""KN285LLDEA"", ""7G7VW9ZNEN"", ""JTHJY5NM9D"", ""PLDB6BNPU9"", ""JJBH4BFHYE"", ""PKZ5W4FFYP"", ""UYE288GXT8"", ""DTG6VEHE79"", ""NENQ3AZLHW"", ""7DBKB8VNCV"", ""5252BGNMK9"", ""BMMURRWYZ9"", ""VMVDLPQ6N4"", ""U5PSZG996N"", ""3EESFPFW4R"", ""RZA5GWWK8R"", ""EQ72SVAFUN"", ""4HFU7KPUDG"", ""J36VH7NNSN"", ""V9HUDF4VGH"", ""PR36E8QLE3"", ""EZ9U9SDE2N"", ""8LNEMAYXKB"", ""E3L5XHMKEV"", ""CJHSGJ79PY"", ""N39UD29NTX""]"
Social and cultural values // What type of impact do you think immigrants living in the country illegally are having on each of the following areas?,"{""Making things better"": 0.377275, ""Making things worse"": 0.117097, ""Not having much effect"": 0.505628}","[""SCAW5BECK2"", ""DHUWPA8RAH"", ""NF92N9D72J"", ""QD5G4PR339"", ""GLKUZQ2YS3"", ""X6XW48Q8DC"", ""39TQL2QCHX"", ""Q9WE9A2J2X"", ""6BHXJ7BF65"", ""9B6XKYLNZT"", ""H7UTKJKPKL"", ""GTW4SWA3V7"", ""65NRZAXS3T"", ""R2XD4GTNSJ"", ""MJTCYU7ZDQ"", ""MCJAZF46FU"", ""VJ9QPSQ6XA"", ""F3GKBEUZD9"", ""VCL393NCWX"", ""GALW6Z4DQG"", ""JX5PUMEYUB"", ""WD3L6BBYFE"", ""2YK39EYFPE"", ""9YEA8JCMXP"", ""4724BPNQME"", ""HXDUHDM2FY"", ""9E86ED7M3J"", ""LJYVJMMC5T"", ""85VNN58N8J"", ""LYLX92R3W2"", ""KH5KBNSRBK"", ""W57R5PKPFF"", ""L4ZWQCSA7K"", ""YARP4TZYBK"", ""SUFALVC5RY"", ""FHG6JJQ36S"", ""SZXAHS5FVU"", ""5E75GKDVDE"", ""YKNGDPVUFA"", ""98BX8RWC5F"", ""EZLN5H823Y"", ""2Z469R63QL"", ""X5QVHMXHTB"", ""HRZT3VUZW3"", ""WGN7VB3SBP"", ""4RQF9RLT6Q"", ""V85PDPHB5F"", ""TEX3CDKM4E"", ""YL4DFYXUUJ"", ""ZJXGVXHDQ4"", ""2W577ULD7H"", ""V32ZMAPEBJ"", ""HGCZW3Q37P"", ""RQLBDEC6AM"", ""9BUQXAF7VK"", ""CBAL3L2A2T"", ""G2CYV77SCE"", ""Z7VD45XJRL"", ""6PP4E7U9ZE"", ""2U37UAVUR8"", ""GJ5XASUMA5"", ""4M23QZYY2H"", ""CVK2QLUCP2"", ""34HUHASHDR"", ""8M9U3MUTL2"", ""TQNZCAPVM4"", ""HFYHN2VQQL"", ""CHMS6EAWLP"", ""S7CMWXPDNA"", ""5KN3NXPFFE"", ""CR5SLT5V2M"", ""NJ5MJPU473"", ""4NBP8Q9CUJ"", ""YHPE9ADZFV"", ""3C4R67XRTG"", ""6K3SJTVNQN"", ""KS6PPXH275"", ""8YTC222Q5V"", ""QK4QHLT5C2"", ""UCL6ZPLGQ2"", ""G5QSQ3P6HW"", ""XMX7J9T5HH"", ""KANDB6VQ4C"", ""2U52R4NEYZ"", ""3KD87835YL"", ""EVJZDEVVN6"", ""D6ZDZJTH6A"", ""26WRHEGHWA"", ""8RFL4Z487Y"", ""PJZ9CD9F78"", ""SG4HZ9ZD4L"", ""UKT465ASXR"", ""PRKPY5HWZH"", ""W26RUWDBR5"", ""FMTS5G226N"", ""JD9VGZJUVU"", ""35ZTCHEPDA"", ""JFRQX5FBET"", ""L4TFJP98SM"", ""H8CQKJPY98""]"
People who come from countries not well represented in the U.S. // How much priority should be given to each of the following?,"{""Top priority"": 0.170181, ""Some priority"": 0.426961, ""No priority"": 0.402858}","[""CGWA9V99TY"", ""RNZHUD8T7M"", ""3XNWW68TJP"", ""2XM9SK4WBY"", ""M66SLC9QBC"", ""CXPETCLBCV"", ""YVYJ75RM3H"", ""URVCE32ASW"", ""8GSZ492GHV"", ""Z8CAKME2VB"", ""QCBA8XCYBD"", ""82RMS3CT87"", ""9GZ3Z9CLSV"", ""55VP2HZ3HM"", ""EPMQ7BAGUA"", ""DUZZLYQTW6"", ""4T8X9BWXSH"", ""ZUDXDDAJ6F"", ""U4TDFL5AZF"", ""9PLJAADGLP"", ""XZVGJ5XUG4"", ""GEQWHKKGVJ"", ""D6RQHNE3WH"", ""DBBWF6S88C"", ""E25FLYQA8H"", ""D59ENNMHN6"", ""X5T5ER98FR"", ""UJF45KVBEN"", ""26VVY4J4TQ"", ""MG4NKU9PGQ"", ""7AJQ3RF2JP"", ""KWZWPD6BR6"", ""5H7VBFWDZE"", ""ND8SUC3TRX"", ""V4M95M3JLS"", ""3SUAQ2CSMJ"", ""GFAH5BLLS7"", ""9D4BZEJ5JM"", ""YM6TRCQ479"", ""YGWG3HKVSP"", ""7G4BBWGZBB"", ""CHULJFDM5Q"", ""QN22DV3W6P"", ""L2UDS47DAU"", ""6TC47PVU49"", ""R4PGL585WD"", ""JTUF4AGFJJ"", ""EQBK6VGWWL"", ""7MRGU2R27V"", ""NU7C2VGZTV"", ""H85JSK8RKB"", ""UMRMBGS4G9"", ""4KHB9W9D4T"", ""PR59F6JT48"", ""D4W3RAX6CD"", ""R3GP633MGA"", ""KB9RTBVQKT"", ""XW6JZLP5Y4"", ""TBPDVM9GN9"", ""K5DRTEN8ZX"", ""MUVXWUNBP8"", ""ZUSN6QTYVS"", ""RT22XFW63U"", ""K8WVTFSS6Q"", ""BZ2T5B9MPX"", ""P7ZT5U7TMN"", ""64HLXDBFWH"", ""MQF5Z54UWP"", ""WKKAP7JPAU"", ""Z9QKVHFYZ6"", ""H84V2ZQ2XP"", ""PMKNYXXAFT"", ""ERDQ6DSAYK"", ""4SXBBF74BL"", ""7VSL4R3M97"", ""EGRMY4XH4R"", ""JG6W82KT6L"", ""NABAR75LWV"", ""QC3AJ46DZZ"", ""26JMK6GGGD"", ""5SJZX6RN3Z"", ""QHCZBFLG5Z"", ""CD9CQTB94T"", ""5YGLLU5PSC"", ""M9RQU4TZFF"", ""M9V944G4ZV"", ""3NBXS4D8JP"", ""RDEWJ364Y8"", ""WC6YA7VV7K"", ""K96425CZ87"", ""DPPATW2KRQ"", ""L9XH5X6JL9"", ""9LV59CY7AH"", ""D7ADYRV3VW"", ""XLRKLULY94"", ""ZAQPYW8NB4"", ""8TKL5W2QH4"", ""PBW8JZP5UR"", ""M52A7RUJRD"", ""W7SY66NKME""]"
Which comes closer to your view - even if neither is exactly right?,"{""Immigrants in our country today should adopt American customs and way of life"": 0.310056, ""Immigrants in our country today should be able to hold on to the customs and way of life of their home country"": 0.689944}","[""MEJMKDWZRR"", ""D4GJ6U7GMV"", ""HRL63BWFXN"", ""XLJX9S7KXB"", ""MFYW6HC6SA"", ""XWQRUP3E2K"", ""HEJVHCAVXT"", ""3QKK8W8HS9"", ""TXTAP98F6G"", ""5UL39M79BB"", ""2DNM257FX5"", ""E384G7QRC9"", ""LKZB2QGWNW"", ""C4NHDAH622"", ""BSLLVJCZQS"", ""WGXWPX8H99"", ""Y3K653QBBZ"", ""QKPXC8GM4K"", ""PBDSW4MWNH"", ""WJFEMHSDE7"", ""7NEMCW79NS"", ""JHSDAGBALL"", ""ULVGQ6GYJX"", ""KFJ5GFAR85"", ""Z56ED8Z4U8"", ""526DEUYWYA"", ""M4ERRR6ZG5"", ""5L7FUR8QBY"", ""E6MPBENLB5"", ""JKU98AJVVE"", ""QVSCSCKZJV"", ""TNLG5DQP8H"", ""6Y77WWLBUY"", ""87QJLMFKQY"", ""L3U24TCCTU"", ""4Q2NS8C7EW"", ""J3KPPC56PG"", ""5CQL3SHB5U"", ""HXP2V97V3S"", ""XHQDJEBJCF"", ""TAPV26Y3AW"", ""F2FZK8SURX"", ""S4EHQTRXM4"", ""B3K5KRBQCY"", ""D6QPLN59VM"", ""WS5D8YL9PH"", ""DHBMYXVTY5"", ""87SFWHKTXD"", ""RG43392MVT"", ""5YXKYGYASU"", ""D7GC23H6BK"", ""EEG4PWA8LS"", ""LY82AW2RVU"", ""HB6Q42RL9P"", ""2XAXUFQ39U"", ""XHFNYSY6M6"", ""VHVC8NF9AY"", ""UQ8DYU5WP5"", ""X9RXLKRPAU"", ""LASBCWMLXF"", ""ZETUDD6PP5"", ""NMU34Q443M"", ""VEXGKRX6ES"", ""K4V7EJCXHV"", ""7Q5UF52ZFH"", ""BBHB9XXTTU"", ""X5E2N9XSX9"", ""KSWQSNDX9D"", ""ZQJPNBH9ZH"", ""BTNF7268KV"", ""9NAZHXR2LS"", ""JSZ7QQWDZA"", ""5LXWHZ8S7C"", ""6G7B8VWNAG"", ""9PW3T23X7T"", ""77EJS2HT9X"", ""43376UK5UM"", ""4S9GSGQRCK"", ""NXDHSS9VS7"", ""T5N2UNJEM2"", ""PFKPL8HRRK"", ""BA76QUA2KQ"", ""W7988LWP7S"", ""22NEAHVR6Z"", ""FK7ZYE7ZEG"", ""84NN6K2PTY"", ""RMRZH75AYR"", ""NBGEJTLWUJ"", ""PUXBBE6QQN"", ""XEZVTRTZU2"", ""W3MGAWXMCT"", ""TG6QNZHB74"", ""8C6KK5CYVP"", ""BVK9RM294A"", ""ZBUF6S956T"", ""6EURC3LEGM"", ""75MJAEYHJE"", ""C8VLXK8SVT"", ""3FTJ8FFAE5"", ""R3D6VPLQZW""]"
Crime // What type of impact do you think immigrants living in the country legally are having on each of the following areas?,"{""Making things better"": 0.164716, ""Making things worse"": 0.04947, ""Not having much effect"": 0.785814}","[""MAPVT9KBLV"", ""46FGQZ3SPN"", ""VRDJQ4RS7B"", ""JQPD8QCMG5"", ""DW758NEXFR"", ""9EYB3KZF7J"", ""ZLZUXYARAE"", ""7CZYCMW7RT"", ""52UEGFK28Z"", ""H9GL34XW3S"", ""QWP7WHBH4J"", ""QNS4E97UWG"", ""UDZ5NLUFZ8"", ""X5E98NKDSN"", ""CV8QZL5G9A"", ""XGHBLKAPK5"", ""CR2V594SGQ"", ""TEJPACV5CV"", ""PRKTKVK9D3"", ""76G9WCKH9T"", ""EU5FL7XCBS"", ""QVLA8R79UD"", ""T92E27DNUU"", ""5EKHXZS4J9"", ""WS4UKC2R4X"", ""JTAYKGY72G"", ""L2UZAAGCMB"", ""CL386LKUEC"", ""YCTULXXME8"", ""QAFWC9JYHJ"", ""HLV7X3TZMA"", ""ZP3P3P6KJY"", ""6MK7WWGECB"", ""E45J2QCQKB"", ""E3MWBBG73U"", ""HNDDF6KJZQ"", ""YGCDJVS828"", ""G5QSQ3P6HW"", ""XMX7J9T5HH"", ""KANDB6VQ4C"", ""2U52R4NEYZ"", ""3KD87835YL"", ""EVJZDEVVN6"", ""D6ZDZJTH6A"", ""26WRHEGHWA"", ""8RFL4Z487Y"", ""PJZ9CD9F78"", ""SG4HZ9ZD4L"", ""UKT465ASXR"", ""PRKPY5HWZH"", ""W26RUWDBR5"", ""FMTS5G226N"", ""9DRKHUVXEM"", ""ZZKG4FRZQL"", ""PCG4PKW5U2"", ""RTMN7AQAVM"", ""74BGMEUXV5"", ""5URSTHY4TZ"", ""KKM9ZH42XL"", ""C6BB4GZDCR"", ""2TFAGWRNK4"", ""YMCLB6GA3B"", ""XWTTV7KQQJ"", ""VG5JX53LTM"", ""QVH89ZTUK8"", ""PRFD8ZKDMA"", ""WRZZH6SDUR"", ""XQS6547DR7"", ""KXHS7TLY5F"", ""YVHQHFMJ9Z"", ""MT7T5K2HKD"", ""ETJLB3T9DH"", ""R5BJML46UH"", ""G6LLVZ3K5N"", ""BSBDC82BFY"", ""KVFWQJDKPN"", ""T6NK7K8JAF"", ""TS3SJBVL4V"", ""VM6AFA246M"", ""W74L9ZLNQ3"", ""ZWKQ4BA2Q3"", ""ESEP3TZY39"", ""QL38ERN3JV"", ""XYL3X9KATT"", ""RL4MJFLPZC"", ""T9CBVDMH66"", ""4TSR4PQGW6"", ""3KF73TWR92"", ""QTKX7P9HZT"", ""XT3ZBTTLPC"", ""HNKRLDC75D"", ""ZRC6B8JWG8"", ""ND325Q93HQ"", ""YBQJE43L62"", ""TX5SQKL7PQ"", ""JM4CHYR7F9"", ""2QDA6SZ2UN"", ""ELUV2GTUPG"", ""XAX2D7V8BW"", ""DS873EDZD6""]"
"Africa // When it comes to their values, how much do you think immigrants from each of the following regions have in common with most Americans?","{""A great deal"": 0.300504, ""A fair amount"": 0.300504, ""Some"": 0.140588, ""Not too much"": 0.167762, ""Nothing at all"": 0.090642}","[""628UDTC4BM"", ""NF92N9D72J"", ""KH5KBNSRBK"", ""P5CSQU9Y8G"", ""F9R5SNB2YF"", ""9BUQXAF7VK"", ""EL6LTVR8TW"", ""TLBRA3X3VE"", ""8XKL7DNZKH"", ""9YEA8JCMXP"", ""65NRZAXS3T"", ""T6TDYPQPJT"", ""379WDZRB95"", ""UCANTWCHJZ"", ""JSF6T4AJUH"", ""SCAW5BECK2"", ""CGFRDWT9AP"", ""4BU4RJBW5W"", ""JQEMYYKDGL"", ""UWVT48L4YM"", ""9E86ED7M3J"", ""LJYVJMMC5T"", ""Y8R6FMQVXV"", ""Q966QJTJ4Z"", ""VJ9QPSQ6XA"", ""F3GKBEUZD9"", ""VCL393NCWX"", ""NZ8HEKV4TT"", ""DHUWPA8RAH"", ""EJJGWR9LDP"", ""6MVJLASH7N"", ""NDUB57EJW6"", ""7E3WAW5ERY"", ""LVRFBMHN7A"", ""C32PGPSKZF"", ""Q5ABG7YRKX"", ""ZEZEZTZY7W"", ""QRUNGCHBFX"", ""UEGQTZUHNL"", ""QHDYLP95FH"", ""QD5G4PR339"", ""CEU4JX5MMQ"", ""UR6FXM2H9H"", ""R85Z3VG6KK"", ""9RKJ79NZCM"", ""6M4GWCA55R"", ""KBMSB3G3FK"", ""W28H5LBZ9U"", ""H7UTKJKPKL"", ""ZLAK658YHF"", ""8XD7TFMLQ3"", ""QV2CTNDNUB"", ""PFM9KKZTPH"", ""PEFBVTF3MC"", ""JLF8MBJFVL"", ""4DE7X2XNXF"", ""HKRL6Z87AP"", ""UYJ6YWD92L"", ""XPVHWSXXX2"", ""63UF974ZR5"", ""DV9BBXP6Q4"", ""R2XD4GTNSJ"", ""MRDGTECA8B"", ""JMELAGR2QJ"", ""NJ5MJPU473"", ""CT3DA4SZ64"", ""TQTAHE2L2S"", ""NJH2UTZZEJ"", ""DW3YGVY4BY"", ""C9M6J6FKM9"", ""GTW4SWA3V7"", ""JAFFE69G66"", ""DQRE9WMEQV"", ""LKMD3D2LN2"", ""LKDE9792ZZ"", ""Y9CW5T82U8"", ""VMG26LJGY5"", ""RQLBDEC6AM"", ""56LBDNVCFQ"", ""RS28QTVUJW"", ""HUHKJGC88Z"", ""Q8BT22ZLRE"", ""573RJ4R665"", ""S7CMWXPDNA"", ""GLKUZQ2YS3"", ""X6XW48Q8DC"", ""8NNMECHN62"", ""R7RE25WSJW"", ""VL46HTCYUM"", ""UDMG76QBGY"", ""S2NZXEM2VU"", ""4YTFWTAYF2"", ""VJVYP3RF2P"", ""SUFALVC5RY"", ""3DX6JQZSF9"", ""5MZBERTAZ3"", ""E42M9QBYQW"", ""39TQL2QCHX"", ""Q9WE9A2J2X"", ""YXE94DD46E""]"
People who have close family members already living in the U.S. // How much priority should be given to each of the following?,"{""Top priority"": 0.140679, ""Some priority"": 0.47518, ""No priority"": 0.384141}","[""7MRGU2R27V"", ""BU578RPNLA"", ""ND8SUC3TRX"", ""JTUF4AGFJJ"", ""PNWYE2SAUX"", ""F6JAJN6WGH"", ""33LQTQHNEZ"", ""PMKNYXXAFT"", ""EQBK6VGWWL"", ""NUB7YZ58NJ"", ""P2PPZXTLF8"", ""PUJK76Y4RQ"", ""M9V944G4ZV"", ""NU7C2VGZTV"", ""XV3JMVRG5D"", ""7G4BBWGZBB"", ""MQF5Z54UWP"", ""YGWG3HKVSP"", ""R4PGL585WD"", ""CHULJFDM5Q"", ""P7ZT5U7TMN"", ""XJDRTXKKYC"", ""4KHB9W9D4T"", ""V4M95M3JLS"", ""4STHHQU7XM"", ""H84V2ZQ2XP"", ""UP8D4REZVY"", ""ZUSN6QTYVS"", ""MUVXWUNBP8"", ""QC3AJ46DZZ"", ""RT22XFW63U"", ""BZ2T5B9MPX"", ""K8WVTFSS6Q"", ""TBPDVM9GN9"", ""XLRKLULY94"", ""TF5JJ4WM8U"", ""Q4XA8HHJBZ"", ""PR59F6JT48"", ""RVZRJ4E4GT"", ""GSQQRQGJ64"", ""L9XH5X6JL9"", ""3NBXS4D8JP"", ""YMUQQAX8PK"", ""67MRAQ4A7J"", ""CD9CQTB94T"", ""D4W3RAX6CD"", ""RKZ9T8JQ9N"", ""PMJX5H3XUR"", ""L2UDS47DAU"", ""UMRMBGS4G9"", ""LXZMDHZYSG"", ""U8HCWS769Z"", ""6TC47PVU49"", ""25X8ESSEB7"", ""JXEUCE9YFZ"", ""GFAH5BLLS7"", ""ERDQ6DSAYK"", ""EAGVT3B7WS"", ""M9RQU4TZFF"", ""KFHRXG836X"", ""DQ5P7CZXDL"", ""9LV59CY7AH"", ""DEV9DPP5CF"", ""K96425CZ87"", ""WHCNQCEK59"", ""L29NY6LSGB"", ""NABAR75LWV"", ""CCBNPNDZYU"", ""5SJZX6RN3Z"", ""26JMK6GGGD"", ""QHCZBFLG5Z"", ""MZNHP5BSMK"", ""LYJJ8HZ668"", ""5YGLLU5PSC"", ""KHV6UPLEV8"", ""X5G5JAMKYK"", ""WKKAP7JPAU"", ""PB4Y22ZM4M"", ""3L5VCXPG6G"", ""ZDE39X958C"", ""ZGJK73DS25"", ""Z9QKVHFYZ6"", ""63H3CR8D6Z"", ""GVYE6D7UT8"", ""YYBDFL9WWB"", ""XE7C5KMK5A"", ""76ZLVFQJ6P"", ""RDLSC3MS5B"", ""X6R5C4RY2K"", ""96QYWKMPQG"", ""MRKK8DFDW2"", ""ZLKS3YK22N"", ""HAPRPZ9FG2"", ""4WYERYLZ3T"", ""UEJPFW98ZB"", ""7CZQM283VB"", ""QVD45QUWX5"", ""MGUEA3X648"", ""GY6VTGG52C"", ""NTMRZ423YU""]"
"How much have you seen, read, or heard about illegal immigration in the news lately?","{""A great deal"": 0.394747, ""A fair amount"": 0.391216, ""Some"": 0.02252, ""Not too much"": 0.180658, ""Nothing at all"": 0.010859}","[""WMQQAB6YRA"", ""J5ZHHM2464"", ""6XMEGL7B5Y"", ""B2YSMZDYE4"", ""PB3EPE27KD"", ""X38LRNMXS4"", ""2VTMNRN2DJ"", ""CV4ASXK5UP"", ""LFJ8L9FM3M"", ""WB6KVZ9S7G"", ""9GYJUGR5W4"", ""H55LQ3CGWD"", ""CBWX9BZM39"", ""8XAV734XNK"", ""ZA2TS9DSWG"", ""4F38UA65ET"", ""KHTRE6CREX"", ""F7V62CWLWH"", ""ZPU952VLXB"", ""CFJAS4JKL6"", ""NPLYC9AUTU"", ""6KZVXBN5H8"", ""UKUHFYB6GK"", ""XQB99NYHKL"", ""733FUBWHJY"", ""GXNZ4X3UPB"", ""7Y4CQ88P6R"", ""ST85CGRFXE"", ""SRLATGZM32"", ""B2K7KU9DLZ"", ""PJL7ZU7NNR"", ""XCNPMEVHZA"", ""KW26V8EPRX"", ""DJ925NFSYU"", ""8D6PD38BY3"", ""KECQFY76PC"", ""J9JY4ZZVS9"", ""TLYCQ22DBJ"", ""LFPBDM6VMF"", ""5872DEWQHF"", ""2B37X6Y2Z8"", ""3PWKC42DPP"", ""VK4P3LZ2NJ"", ""NCUS8JZA5C"", ""9LUBR3A6KS"", ""B4CZ3U9BPT"", ""B56X7HAF6H"", ""5L2MH3E93J"", ""5JTHDPGKQM"", ""CBRZFE7SJR"", ""XJR32VR943"", ""S9QLNQ89A3"", ""NAMFZ9RS6R"", ""UBZWS75DAW"", ""YM355LGW77"", ""N32WG8T4DA"", ""ZAFVF2T97U"", ""QMNR8HHCQN"", ""BNAZG8AHDK"", ""BAPQMM76PW"", ""F2XF388AGM"", ""FSNB3GTCAX"", ""2YX588JE22"", ""VFWBYRBEJX"", ""4WZBSGLCEF"", ""3NB7TMHCNM"", ""XTVDVPWBDJ"", ""44DF44458A"", ""9M9CWVDTPR"", ""Y5QSF28FKU"", ""VWLLSGHZ9S"", ""ZB5F79VXFD"", ""BV3PP5UXLD"", ""T6JDUZSRJZ"", ""TBJ9K8FQCP"", ""55K6T59FKL"", ""ZB2SC2JTKY"", ""YN4CM7VAV8"", ""BX45Y86T75"", ""XDB92YWBN7"", ""YGEJAWWTXL"", ""RE8JRFUDQZ"", ""FUVKX76HH7"", ""Z5BMVR2NJ9"", ""D7JG79652S"", ""WYHU7QVWE7"", ""95SLW39R2G"", ""KPZE7JMMCC"", ""XVPR6WA6UR"", ""G2R4658NAQ"", ""DGJ58AUNNM"", ""SRRSRTMDNM"", ""GFYKTJQ593"", ""ZQZNUESTQL"", ""RLHAXX4268"", ""3MPHPTJLV9"", ""ZHAPBFN9TP"", ""WXGKR7VK3T"", ""7P9P33D8LS"", ""BXREHNQNRZ""]"
How do you prefer your sandwiches to be served?,"{""Cut into rectangles"": 0.069739, ""Cut into triangles"": 0.069739, ""Whole and uncut"": 0.860522}","[""TCDTMVD52J"", ""QZZKWCREVC"", ""ZASBGTB8JY"", ""SBTKYM8UFQ"", ""VKPXCB75YA"", ""6SKG9UDPUK"", ""M2E284A87W"", ""LRVZ5UWRZF"", ""DDPG7DCSWK"", ""C6W335V23M"", ""Z25BG2MU6K"", ""E8EF293J7M"", ""9SQTGPKNYN"", ""4Z73MSD5B2"", ""QL377WZ9HQ"", ""PCF5ZCRN4Z"", ""PQBUF9G3W2"", ""K9EJLSWDMZ"", ""RETG5V8L7Q"", ""B8TJ6PW8VK"", ""CRQNK5JDUK"", ""ESAF6JWYJQ"", ""FYD4P39GCC"", ""XE54V36A2Y"", ""5AH44LCDUG"", ""UJ4CYXNS54"", ""YXNQD2WRXJ"", ""DCPK7X2CC9"", ""5QXCURLGS4"", ""PH4UG352NS"", ""62F54FNFDK"", ""XUWBXUX684"", ""RDSUJCEL56"", ""ZHZ3C2798H"", ""7H99TADRMQ"", ""Y4M59NS25C"", ""SNNMQ895HJ"", ""M4X6DLAP8P"", ""6S2RW96REY"", ""SQCK4YRAGV"", ""WKL5QZNX69"", ""8CJU482Y2U"", ""EHBHWT7TF5"", ""J4BRW76PWY"", ""SY954A54WX"", ""ZE3MFM3WJJ"", ""5ZYHU6HTWC"", ""8CK8SLMX35"", ""BTJFJSNBAJ"", ""N6XQRQ9HQ9"", ""K5EDGWPR8N"", ""T4LVXAJWKP"", ""6Y7YX9ZN8Z"", ""XNAAG8LN67"", ""WW74XFA26T"", ""8RX68292VV"", ""X9QN7EVJB2"", ""LDWWNQXQGM"", ""HU76CY4MTF"", ""P938JNL29W"", ""Y2GN5PMA5R"", ""W3M9TL6L2J"", ""8MLXKK3CV4"", ""NF4YJPWFM3"", ""YWLWHV2JLV"", ""P4YAJ5C3C8"", ""4RJWKNMPSC"", ""Y54HDYR7DQ"", ""ZY26P5DYCJ"", ""NBPAB8DPYH"", ""N4XLBTH68A"", ""6Q6XPPK9HB"", ""TPSX77ALHU"", ""N6D9S8A9P4"", ""PBBYYP2SMA"", ""7KDSGN2BJC"", ""29QTM5MSLA"", ""VX24EQBE3D"", ""XX6REJ2NRY"", ""SRRLEEH7SQ"", ""DL8KBJW876"", ""KMHAL2YPAU"", ""CCGHRCQRA9"", ""KBUJ3SC63X"", ""ZJM2F7A3HJ"", ""MGU2KJXSVZ"", ""YL9ZSECABY"", ""E5QBFELR2G"", ""6CD8NNHMMC"", ""WJMWUB5M96"", ""TS3SJBVL4V"", ""XE3V3X3GAY"", ""QJY6LF4TLQ"", ""QTQ4K9S78K"", ""WC2M6Y7KJL"", ""TPSUEWXBLG"", ""WNMLTTG62S"", ""T5W8VUWWCX"", ""GVN95BNWLX"", ""TXX9AGBLNZ""]"
Is there at least one working telephone inside your home that is not a cell phone?,"{""Yes"": 0.471578, ""No"": 0.528422}","[""J2EDVYJARH"", ""772M3DZFK5"", ""PENFVRSMKF"", ""J9Z8C8DW9N"", ""P4AYBTPW3J"", ""KP8DL8U53U"", ""WX5WBPG8KX"", ""XPSU874HL9"", ""6BLVUFEYAF"", ""FJCKNMVAXT"", ""UTJQHTKSCE"", ""G5J46M87HU"", ""7JTTX8WXTK"", ""SD6YUPPZFJ"", ""7WNZHMKG8N"", ""7Z2B74QFXG"", ""7EDCDUKG5Y"", ""KQMMZ8YKCE"", ""2CVWGYACFA"", ""PQTNCQZ6N7"", ""X5MKZ2AZNQ"", ""GZB5M4N3UK"", ""QAQU5BUSST"", ""H3VVBLGBSY"", ""H92JUP8PAL"", ""Z2KM272KD9"", ""KGVN5NXNEC"", ""Y4WTV44DU2"", ""5L29CUHVMW"", ""26DFFW3R8E"", ""SKT348YP9R"", ""SDPWMLVRNU"", ""6UTYKPNPBV"", ""7F3F95N377"", ""82FLH4CBQ9"", ""BR2TRXL9ZJ"", ""VSSS7K8ERS"", ""B99QGKHHA8"", ""WMFMCJWT4R"", ""67VRK9K9DP"", ""SS8HFHEBS5"", ""PF4U7234V4"", ""M6SSE2JYAE"", ""8YXZWNCDJY"", ""YL38GWMBBZ"", ""DU6YWFJWQ4"", ""5S9MGVRGSS"", ""C5NKUDS42E"", ""CB356RPBVA"", ""Q5L5EABP27"", ""8JHXRPN9DL"", ""SP23R2996F"", ""WCG9H2WWSA"", ""SH3H4RLURV"", ""LPSZSB8HUB"", ""T9BS57N8Y7"", ""V9WPLGLFNR"", ""Q3UZFUQMX6"", ""7NL836UG6T"", ""JDJQGLLT63"", ""6UHLD9DK8U"", ""TLDR2YZQTF"", ""W4Q2PNSY5Y"", ""N3DWGJ6NHS"", ""KNTCYFT36K"", ""63Y7KXRLR5"", ""DZEQBGRX4C"", ""U7P7QXAHNA"", ""FJ868R8D6G"", ""UR8LZ8XCJA"", ""WG28EGND6J"", ""5VU6ASQG9U"", ""HDYJKPN67N"", ""L6TNGXFKEX"", ""FWK58QWVU8"", ""9DHBF4AMCB"", ""VEFNSZGLGC"", ""ZQ7HFKLK3F"", ""KL5SSJ8K3W"", ""YYFN95K8AV"", ""9PJS78SCCC"", ""QTX7ZV9T54"", ""MYECHS97EP"", ""63AGD7EYPL"", ""LUJDHFT29J"", ""PBH8YBWJ8V"", ""MU6P7FGCNR"", ""J4S2NTKX4N"", ""WPDDLL562M"", ""QPH2ZPPVXT"", ""5P9J4K7F5J"", ""4WN757MMKK"", ""KBHBD3RZZX"", ""MWRE878YNV"", ""RURDT2495R"", ""3GWBFW2M58"", ""S2PEXQHTS3"", ""XH6UZ2W3HF"", ""RDFF3WY5AJ"", ""D3ZFWBL7GK""]"
How concerned are you about how Companies use the data they collect about you?,"{""Very concerned"": 0.101108, ""Somewhat concerned"": 0.090461, ""Not very concerned"": 0.305874, ""Not at all concerned"": 0.502557}","[""SXHR5PKESE"", ""RET7A88PAH"", ""8NEDJKY2Z7"", ""VVRFBGSL4D"", ""L59LF9JGFY"", ""RFSEVWHZGF"", ""N2DEA67SZZ"", ""XYASPJB5EF"", ""N3Z6DWUGQU"", ""VLJU657DDD"", ""RNB88VJGRQ"", ""8Y5GZM4HK6"", ""Z433B7476L"", ""B5WY3UW9KL"", ""KQUKLPGZHD"", ""BVY33DM8EX"", ""MPT87Y35ZV"", ""UQ7YLMQ43C"", ""SLEN7R8A2T"", ""Q2TRJFWEMJ"", ""5FEDKM2JPT"", ""KDBAPXT73A"", ""MDF86HBG8D"", ""VRHD2A83DT"", ""U994EAMGCC"", ""GRMH6T5E7T"", ""KQZHEXA2LQ"", ""24WGJMWMQZ"", ""YU9QHSJSHS"", ""3HZRXPSTVU"", ""FP8VJ5YQJV"", ""CNPB4RK7KY"", ""MC77E2PAFT"", ""RM923DU7JR"", ""X2PXZW9BA3"", ""F9B2BTRF6R"", ""XCYHLALS9R"", ""58HHJCGJRN"", ""2JVM72KCHX"", ""UA7BEV78G2"", ""HEMY3VBVJL"", ""JELZMBAQQU"", ""9B8PCBAXEY"", ""682847SQJC"", ""7SQRWQTUQ5"", ""3UHF5YVTTS"", ""59497V5SVT"", ""T523G4M6CF"", ""HYQUXGNFZ4"", ""TX522EXU4P"", ""ECYF76HZ2K"", ""2PXTRH4BS8"", ""EK3EH3SXU8"", ""CST8E356TK"", ""NUK55NR7MR"", ""8XPU2JQ97T"", ""VBB4KB88LV"", ""PR47AFFB8Y"", ""V56454EE62"", ""LLYY4HLGQB"", ""6AT5FM6AKV"", ""T7DYUDT4HM"", ""BN2CSN2LCT"", ""7V777KV7NE"", ""DC9L3RV2ME"", ""ZF8RUJWAXK"", ""BG9F7TQU87"", ""HVL4CWUN39"", ""RP8KCF5HZX"", ""55CNC8MVYB"", ""Z6DR2NS9YA"", ""JQBR7F9CEU"", ""H5979R2QAU"", ""PEPG5T29TS"", ""EHJ5UWN2Y6"", ""SF6QPAUGVX"", ""ZXXMZMTF3B"", ""FACAP64P3E"", ""BVNVNBC5VS"", ""Q46BRT3QEW"", ""HL8RDWWF3E"", ""LETK4WYPU5"", ""KZMU3A676L"", ""ZYPSMXV6PY"", ""VKU92Y2XX4"", ""N23UR85XCW"", ""7L43VBGQQL"", ""GQ6EV6KWR6"", ""8NLM5AVDMM"", ""BHNJ8SE7ZN"", ""PH7XWNGT72"", ""86QXUL7HRS"", ""ZB2PTQ4A89"", ""7US4PR7Q35"", ""5N4CW7G73D"", ""CVNQWBWM3K"", ""G9L9LSR8WL"", ""KU2F9CFNUR"", ""PF763KZVE9"", ""4NPN32SEMG""]"
"People who can fill labor shortages like agricultural workers, home health aides, or childcare workers // How much priority should be given to each of the following?","{""Top priority"": 0.021433, ""Some priority"": 0.374573, ""No priority"": 0.603994}","[""F2ZP9HD8DE"", ""5C74RV98HA"", ""PL7AJ77FDM"", ""P3MNMDHA7X"", ""KYB9CGFCMX"", ""UZG9GF5MDE"", ""VARX3FYPRD"", ""XHRQX2H79G"", ""6CZGS4GL5T"", ""4QHYJPPUJ8"", ""WZA3FVLQP2"", ""R9YRVBHY4T"", ""FHTKHR6VJE"", ""YUKZYP4ZL7"", ""G9MW7Q7F2F"", ""Q684NNLS37"", ""7FTZHB4SKF"", ""BU5F44HU9P"", ""9NVFB69DE5"", ""3N365ZPPTG"", ""QY2E5QWBT5"", ""MZP5CJYBQY"", ""CR498E43A9"", ""LRVE977QRG"", ""NVGLRXVKNM"", ""WSGG3ZPD2M"", ""8AL4WGPNM4"", ""PEV7DVVQA2"", ""MWPSME4XHR"", ""HWA75DX5AV"", ""SQJ9GNWGLY"", ""2AKH5WQ9X9"", ""2GUXDD2JBS"", ""8YF6TNDW6X"", ""8YDPBBHZB5"", ""YP9YWQC3EP"", ""UKXEALHNVG"", ""JAQXW5TYNZ"", ""64P6XGPJZY"", ""S3CT8FBZ8D"", ""LZ2S6MZNME"", ""PBWFE37ELK"", ""YXLM88H8JD"", ""LJBW2TGRKD"", ""JKX6D4F2BN"", ""9ZH2BUZDX6"", ""FT477GHTC8"", ""MSAPXC22NB"", ""YFQKZN5NEY"", ""R5MSZC49PJ"", ""2JWVDA4H3S"", ""R2GF7ANL7S"", ""TZTHRRUR92"", ""35GBNN3NET"", ""64S47WFZYS"", ""DG9CZU3U8W"", ""SY5YXZQXDV"", ""T3RCXLS8N5"", ""PTVG4382CS"", ""8BJSYEFYSC"", ""3NUQN9D6KJ"", ""GM2248F7TT"", ""P4U3UDNCUJ"", ""9DAK9PY6KA"", ""KD5GQU22J9"", ""BP5WGTL5SY"", ""ULL8PRK9X4"", ""MFLRH3QC3Q"", ""DM8UVC2Z82"", ""8P7UGUQKXR"", ""DYUKWBS8QX"", ""LGWE2KA7BG"", ""XJ3HVZ9Z2A"", ""NSV8VY6956"", ""VK5F6H4CTF"", ""8NGT87HYSU"", ""557HL9X8WD"", ""8QCZ93FBTX"", ""J5DBPX4VQ8"", ""6YRHXL88Z2"", ""ZEUU6NCYQS"", ""FMNR4JXZFX"", ""G56NLRU2VU"", ""3SW9ACDFPL"", ""RTAC8ET8W7"", ""XAWWKVYWG3"", ""PJDBLMCJYR"", ""DR3YCSYXNV"", ""9AL6W5P8ZP"", ""XEMALKWBAM"", ""CJLJLWAQNN"", ""JS75QL24RC"", ""JM7P5GEDDL"", ""TVUWE8NTP9"", ""TGA78EC5XS"", ""XMRWUGTLGK"", ""NMCK5W3LLG"", ""4YFXMF4ASS"", ""CRVBRLCVGK"", ""DAB58875DP""]"
"All in all, are you satisfied or dissatisfied with the way things are going in this country today?","{""Satisfied"": 0.799988, ""Dissatisfied"": 0.200012}","[""8S92DQMB7N"", ""H4KGU3QZAL"", ""6ZGWN6PQWJ"", ""SKT3BYRRVA"", ""55397D2WPV"", ""5WBGSU9XU2"", ""GBMMVY7BZZ"", ""9JRA2W6CCK"", ""7VMXV9NFMB"", ""2EF2ENRGES"", ""EWHD4A5FM4"", ""BVGL8HMRQM"", ""PTC7FNUMAA"", ""FCCQ3K5KH9"", ""EMC3RW6PDS"", ""M65YUJLHEZ"", ""YE6H2ACBW6"", ""9LYE23R2JP"", ""KAUV4J9AG4"", ""56HMXP24R7"", ""GS7B97A68L"", ""N7ELZTNCSR"", ""8G3DHSP8CY"", ""2BT6VKGSE6"", ""TPQ6SAPRFY"", ""6FZ3DPAHJU"", ""G8AU65G7NT"", ""7BUD6REHFV"", ""V2KDMKZFHG"", ""7Q6PTLXVUK"", ""BEDZJTRV77"", ""CHULJFDM5Q"", ""54BTTZUBT6"", ""XTNBXKJWPS"", ""F8AVFV6P3E"", ""L9XH5X6JL9"", ""ZUSN6QTYVS"", ""6TC47PVU49"", ""H536HFQ7JN"", ""ERDQ6DSAYK"", ""RT22XFW63U"", ""BZ2T5B9MPX"", ""LR2D7KF4SR"", ""P2PPZXTLF8"", ""2LNY3RHRLU"", ""MUVXWUNBP8"", ""K8WVTFSS6Q"", ""DXJ4LAQZJS"", ""TBPDVM9GN9"", ""BJDS9Y2DX9"", ""VMHQ95Z6GW"", ""H84V2ZQ2XP"", ""D9XNYNYRQJ"", ""8M274759BZ"", ""P7ZT5U7TMN"", ""NU7C2VGZTV"", ""Q4XA8HHJBZ"", ""EQBK6VGWWL"", ""QHCZBFLG5Z"", ""5YGLLU5PSC"", ""R4PGL585WD"", ""5JTR5VGSBZ"", ""5SJZX6RN3Z"", ""NABAR75LWV"", ""Z9QKVHFYZ6"", ""XLRKLULY94"", ""K96425CZ87"", ""FC5KUFHCBB"", ""HR9ZCHVQNP"", ""JCMBV36Z65"", ""3M79HKW4AN"", ""D4W3RAX6CD"", ""M9RQU4TZFF"", ""8KQMAXMPV2"", ""PR59F6JT48"", ""UMRMBGS4G9"", ""G9B6NJMD23"", ""BSRYNAUCM8"", ""WUSLA8BCF2"", ""3L5VCXPG6G"", ""DPPGAQS7NQ"", ""LEU9FB5DGJ"", ""C7GL8VR3FS"", ""V4M95M3JLS"", ""VYBLPQC7FV"", ""F6C9N8L74T"", ""QGHJ26Z5T9"", ""UJPURMR29N"", ""26JMK6GGGD"", ""M9V944G4ZV"", ""QY62FANQM3"", ""7N7X4N65W4"", ""EDQTDMF35W"", ""3WP7GWUC2Q"", ""QC3AJ46DZZ"", ""MQF5Z54UWP"", ""GFAH5BLLS7"", ""8P7JNCNH9V"", ""B64C93LHBX"", ""QGHZS6G7WV""]"
How would you describe your household's financial situation?,"{""Live comfortably"": 0.029003, ""Meet my basic expenses with a little left over for extras"": 0.418785, ""Just meet my basic expenses"": 0.146405, ""Don't even have enough to meet basic expenses"": 0.405807}","[""CZ7XR5GNUQ"", ""DTP9MJZS9Z"", ""UMPS76S34V"", ""BQ3YPKQ48L"", ""DRP9ACS6QT"", ""DW53XXUHNE"", ""J2TV39RFGL"", ""3R7P8FJZWQ"", ""2UXJJ688DR"", ""PGQ7JZ4DJU"", ""2SE6JCCELF"", ""TH9GDY4Y7F"", ""HTCGBP5UBG"", ""TSEWDHS7TA"", ""TBE5XMZN64"", ""DWMBGWH4HU"", ""J6VZS9FBY9"", ""U53XCE5M6Z"", ""XFGQTTWLFH"", ""WVXUYWRKBW"", ""3SFXNCAFAL"", ""UHYWQFLPFB"", ""JVYDJ9UZT8"", ""ZHFNUCWS8R"", ""H4QN29ZGZH"", ""TLA46PN5KJ"", ""SPSQ769B5J"", ""85LGRTS9C4"", ""XUGK4KGD5U"", ""ZLSTWW8ZJ5"", ""UB7SJZ7E2R"", ""7HY6S3PUNJ"", ""DLUC6B7X6V"", ""878AKS2UXC"", ""FED7MS8WHY"", ""SES2GUTN38"", ""SA48HXV3HE"", ""FU3JJZ7KRJ"", ""CLX9BP5P2B"", ""K6V8MUHVGP"", ""UCYZ7WX6RQ"", ""TDCPQTU26R"", ""S6TNCK2CBW"", ""6LXFM3W2PL"", ""V3V28NFK3N"", ""EZQSGZLHKB"", ""UGHKEQTJA8"", ""E2KPM49J69"", ""6KHWBFR8R7"", ""CEWZY78JQU"", ""QU9VXHKBDC"", ""XYL7MVKGZF"", ""RLNGRELWZM"", ""5FUVX3W9T7"", ""HGUSRXU6PS"", ""MQJ4Q6VGAQ"", ""3KW7CS2XKC"", ""R5BERLHU52"", ""T6EBHBL5T5"", ""MVZPDFFY8R"", ""7V8SEG4Z9X"", ""HSCL488RSN"", ""XP72UZ7W6Q"", ""Z7AUFKFDV5"", ""JZGP362KTP"", ""FMJSAQTQEF"", ""34JL4HJQAD"", ""NDKYUPLRRX"", ""DGMZ58U7MR"", ""EWZH23HXVY"", ""Z7JE6DA2WB"", ""P3976VAH7L"", ""XWSNJF9WSN"", ""R7FT5P7KYT"", ""TKAA8SWHHJ"", ""RNBYD6L536"", ""MSPEJR58ED"", ""V2DJH7WS95"", ""XAAQ5K6A8P"", ""5KJ86HTDNM"", ""8ZVK2H5HEQ"", ""S5JGR5BRWU"", ""SWUSPA2BJU"", ""DAPLPAPPHV"", ""29SJ4ESRJH"", ""RVVA8KJ472"", ""D4LP83VEXG"", ""UV8HPFZ5LM"", ""UTSM7M892K"", ""CAV6SJJXDJ"", ""36WG3SYTVV"", ""7LQNFSF8F8"", ""LE7HAG7DRF"", ""6C4L7HE6JS"", ""3QV66SQFV4"", ""9HGSHVWH55"", ""42DJ985AKK"", ""6TCJX29N82"", ""VWHY8LQDZ2"", ""JWNPUWZMBX""]"
How would you describe the community where you currently live?,"{""Urban"": 0.333333, ""Suburban"": 0.333333, ""Rural"": 0.333334}","[""JZNX8VHWHG"", ""KMZD4X64ZK"", ""2B7KDCTNT4"", ""USRTBW7CZ2"", ""L9QJUSMNGG"", ""DAZRMN6F5Y"", ""NV784H9VMC"", ""4LFRC5589H"", ""KVUJYWTSNC"", ""ERLWZZJQSL"", ""4VXASABE6W"", ""5WJSXW3HYL"", ""GU2Q4MDBZT"", ""UPLUESDYSW"", ""TZS6K6S7KD"", ""D2RBX2GCL6"", ""8HMVDYR9JZ"", ""WKYF22C235"", ""DHZAL4FF8H"", ""L36EM4WLBQ"", ""J2TV39RFGL"", ""U4HMW8398X"", ""C9F5WWWAJF"", ""C5WCCXMUZA"", ""3HWT4TMN6S"", ""2UXJJ688DR"", ""JG3AYMWTPX"", ""L234HNN9SP"", ""4VKPJ7GLED"", ""HSBS3XFYVD"", ""E5LKWRJEEY"", ""GR6AHQFLRP"", ""3FZZ5XWPEB"", ""UCGSJ5CJGU"", ""TEM82DB5AK"", ""VSTWLK7ZX9"", ""T3BF77FHRF"", ""HTCGBP5UBG"", ""TWJD6BJ9DK"", ""F95SA6UA42"", ""B5EW662ZPB"", ""899KGDFVHW"", ""FD6KTTA8SK"", ""L9LT8TC73N"", ""VC5MJ3QPJB"", ""UW4FKUE9HK"", ""W4SVZZ3QZL"", ""VJXPYEWZLD"", ""C6CGUDGXBM"", ""MDN9K69MCY"", ""FKSKLTAAQT"", ""ZNRFF7W6PX"", ""X2B75VV9Y8"", ""CP4JV4PQXD"", ""TWHGJLCX25"", ""PFN6XL54LB"", ""3U2EFJBBJX"", ""8T38Q8PEZK"", ""DMDD3AYPFR"", ""574299MGGK"", ""X4YJ23RY94"", ""9B46CCARL9"", ""P557HGN85V"", ""UD2H4XHSW6"", ""MPFWK9EQNM"", ""YA5FSWPSB6"", ""EPFLGEZXXE"", ""VRWUTKP9X5"", ""Z32B4G4LLB"", ""3AZSSJAXXK"", ""KP42X8C7AJ"", ""CXZ7CLQGUF"", ""EEAHMHEJHU"", ""TLA8MPQ9UX"", ""Q8G77WBWVA"", ""REPKCRSGJ2"", ""GKDRS73QD5"", ""GCYYAA3XG7"", ""KW5XTKLVQD"", ""ZSYCJYQDM8"", ""7XCRDHT753"", ""CFC67RDPRV"", ""PFPT47SYR8"", ""8554NZN2B4"", ""G3B84SUUYA"", ""LYH6XETZ7C"", ""JLERB2EHFL"", ""RGJCGJ637R"", ""C3G398YRW3"", ""YK4MWSVADE"", ""MRENL6M36Q"", ""VNY3DXSQZ6"", ""Z6GKFM6WPL"", ""EW4J2LVUCE"", ""7NDPM65KWG"", ""776KXRT4LB"", ""H57V6NZKMG"", ""YE86H9PXNX"", ""C58PP8UKSV"", ""G59H5SSBUV""]"
"Compared to five years ago, how do you feel about the number of places where tipping is expected?","{""Tipping is expected in more places"": 0.288773, ""Tipping is expected in about the same number of places"": 0.427852, ""Tipping is expected in fewer places"": 0.283375}","[""32B8QMVZA3"", ""ERMP9H3YNF"", ""9YPDFW7QYD"", ""UD9AZ8BQG7"", ""HLUWVVM9Q5"", ""DAXRR6ULXU"", ""FPZ4S6YHQ2"", ""EZS3CFN3WN"", ""ERLRTBDS4P"", ""CPU6CNGVPS"", ""DHMULTBSZK"", ""BSS2AHE5PB"", ""WPSF9XQMAD"", ""3W94H8LFTV"", ""L5VD3ZEW9A"", ""64V93LHLBN"", ""B3HBKC53DU"", ""LCLGLRC5R3"", ""96L87NF7JU"", ""M5T62RP7XU"", ""JUUKQCD7MK"", ""YGTXB62H5X"", ""CB5589364E"", ""Z43X2VB946"", ""8MQ3AN3967"", ""N5327QMKTS"", ""F6NPALZCVQ"", ""ZTFZ57AJFS"", ""U767JPUJMC"", ""22Q8ABKPGB"", ""TKTN76LQRZ"", ""GBU2687V6S"", ""6DNREQD5ZC"", ""Q4EGB9CVBQ"", ""H2EMTZG7L2"", ""EV3XM4LRAJ"", ""M4XKHNZT95"", ""THUVUHZXPX"", ""W29LBU4VU9"", ""TJE56HWY5Q"", ""RD3B5CCEC9"", ""VDBA8FRQ2A"", ""S9H6GDUJSN"", ""9KDF954FBB"", ""N9BMZLL9JQ"", ""DVGZQG2KRU"", ""36SSTVKQGG"", ""N2S4BKRJYA"", ""83V987DG4K"", ""JZHW25TK8Z"", ""E5HM36AJZH"", ""FNE8JE8AP6"", ""T9HRHYEA4D"", ""F7W3HGE5UA"", ""UQM6SHY8WQ"", ""PZ37TBMWAN"", ""9ZKPYD4C99"", ""E9R8JED5HL"", ""4W85M8YUFR"", ""V6CR4KVANW"", ""B53PRJMDJ4"", ""F5QQ5KDYZJ"", ""GMKNK4SFD8"", ""PPK4C22C8B"", ""B59W3CEQVU"", ""VB82PGJFVG"", ""MAZ7L9A2HC"", ""Q4ZCVFN5L9"", ""6YPND2J58K"", ""6H79Q59GDA"", ""XYH43RRNL5"", ""VX4C3T6EUA"", ""LDN7JJSQ3G"", ""G35NW24J8G"", ""38CWSFEVSP"", ""FSQ63GMFW4"", ""DBQ5ESZSZU"", ""Q2VZQ6BEJ7"", ""D35QWYAKHM"", ""3JGLRRBNTM"", ""9VH3JGANXV"", ""GVW7Q8FAK4"", ""MKJFPMGE7T"", ""HFK3P5GUWX"", ""EFJDRVPBE3"", ""S4AFNTEERK"", ""K5B2S7MSFF"", ""HTL4H8X8E4"", ""VYK4VDBJUY"", ""KR9Y9R3EZM"", ""9WF6845543"", ""QYTA2XL9SU"", ""SBVCDC267C"", ""3N93PD52BQ"", ""XB8BQFGYV2"", ""F3KSEANXU8"", ""W7GM7FJBXN"", ""U2CXHUBCP2"", ""X9QZ8QKRH7"", ""XCM7ZQG3WG""]"
"How many adults, age 18 or older, currently live in your household including yourself?","{""1"": 0.148021, ""2"": 0.277409, ""3"": 0.267963, ""4"": 0.080403, ""5 or more"": 0.226204}","[""GBW8H8SQVN"", ""E753BN9LL8"", ""PGS77QA7NT"", ""2ALXTG74Y7"", ""CQVVD45AJG"", ""ECDB2UADT9"", ""4W2J57M7VH"", ""J9KP4VKGFV"", ""WMUJSLBWVB"", ""W2X54JDXPX"", ""JBG78Z5MGZ"", ""6H7BUQVK2Z"", ""BFZA24JN63"", ""J282ZBEJ8Y"", ""4XV57TGZXA"", ""ERVTC6H4WA"", ""L3CEZAVWFC"", ""MLUTKJLG27"", ""Z7BVGHTB7P"", ""ZUXY95KSCZ"", ""JCREGRHB69"", ""D4JRJZNBP7"", ""7BD5CDEMV4"", ""EXVQLRR9LQ"", ""R7TCEM2QRU"", ""K5FBDL5T22"", ""QCQ4FNETAL"", ""L3NZL2Z34D"", ""3JULRD8E8K"", ""KEAYADGX6V"", ""DF685J5ZZ3"", ""DW53XXUHNE"", ""TXDZK8TE7D"", ""96VDBVZ76D"", ""TBE5XMZN64"", ""PYU3YPEMDQ"", ""QRYQGKBMW7"", ""LMD76RR3NE"", ""8BAMGVAX64"", ""X8J4CABUPN"", ""K8NWEMRV89"", ""NWRP5XKHWN"", ""SP7KWQJQ5R"", ""FED7MS8WHY"", ""FDAS6LDAXW"", ""KWY5334KAK"", ""ZQJQJRE68W"", ""Y22U7SD8AB"", ""G9QB2ALS34"", ""USVGSMRQVV"", ""75B65AGF5C"", ""37UXHEHQUD"", ""RUM7FPWKQ4"", ""8AGSWHNQH3"", ""LCSF4WDF5H"", ""TWLZRK3EX9"", ""TSQRDCB93R"", ""5285T5T3NK"", ""KAZW3SDAZU"", ""9CU692ZATK"", ""85LGRTS9C4"", ""VBXFHMJZQU"", ""PGQ7JZ4DJU"", ""7PC55RFBDM"", ""8VT8A2UD3K"", ""2SE6JCCELF"", ""TH9GDY4Y7F"", ""LCVQKWTBQU"", ""TLA46PN5KJ"", ""SPSQ769B5J"", ""VJXKQM5VDC"", ""T6EBHBL5T5"", ""MVZPDFFY8R"", ""QA6JMHWTPA"", ""5GJQCE6RCT"", ""4982TUR2UC"", ""TDCPQTU26R"", ""S6TNCK2CBW"", ""CLX9BP5P2B"", ""UTWU92SW67"", ""CZ7XR5GNUQ"", ""4BDSU95D8R"", ""ZBMJSMSB74"", ""9L37WMTCXF"", ""V8WA64UHU9"", ""RNBYD6L536"", ""MSPEJR58ED"", ""XFGQTTWLFH"", ""59336EENM4"", ""936FMU9DWT"", ""U6CPAQSXGC"", ""5C4XPJCW68"", ""ZHFNUCWS8R"", ""T2VK4UC5AH"", ""N9E4FEFTJ2"", ""RQCNCVSFCU"", ""3HYBY4Q6VS"", ""BCCGMKSBAS"", ""JWNPUWZMBX"", ""GUDPXCWTXV""]"
What do you consider the most critical components to making the perfect sandwich?,"{""High-quality meat"": 0.075647, ""Airy bread"": 0.177226, ""Using all the right condiments"": 0.740318, ""Fresh veggies"": 0.006809}","[""PAR95EZNWY"", ""H85H9XEN6L"", ""5JTCCMVVYF"", ""SSZKUH69TS"", ""6ST7G23Y7U"", ""B5CAXFU39D"", ""8MUY3F5RRR"", ""23M4XNYHPU"", ""HK8JZ7XD9A"", ""27DE8EUHV2"", ""MRCWGTPCCR"", ""JEMUZJSVS6"", ""ELX38N8JFH"", ""YM4ZMNZHY5"", ""B58RXWSWFX"", ""ZCGKNDLADN"", ""LA76H2XZSZ"", ""BVDYTRMT5J"", ""FL4G2G2B9B"", ""3DBELEJLGJ"", ""L3ZT38RTFZ"", ""VEDFZ3H6KS"", ""MUSVMCDT8S"", ""MKH3AM5JY8"", ""9GRSLXYGS4"", ""TLGWXFSEHM"", ""DSAS6UJMVH"", ""T6NU9DJ3XY"", ""B5M5U8VGDQ"", ""7CPXTABM39"", ""E65KM29AN3"", ""SJ7TMKQW5C"", ""DTMAR7YFJM"", ""NXLCJQL7LX"", ""TV63QNGAR5"", ""SSNBCC3F3E"", ""UK72HX4KG5"", ""W2FSA3W9MU"", ""N8KX6NNJQY"", ""JRBSJ3X7FE"", ""BJYVJL5TDK"", ""U2V9TMA8RR"", ""R324NWMZXS"", ""9H252489C4"", ""6LWW7GTF6A"", ""3AWL29Q4PT"", ""DS2AQKLAQS"", ""TX73AKT9AZ"", ""5TNMCXM2V9"", ""W93X9U2CN7"", ""7RFG79ZEET"", ""NHTBTRSK6K"", ""8PT5EWF94R"", ""FVEU8CAE9S"", ""F9VMDJG8E6"", ""QJZBVKAZZL"", ""S5ULJEA6T8"", ""P7LLVC5UMM"", ""SKPTXJ47CM"", ""JYUURV7G4Q"", ""Z5C8EF94WL"", ""492GFUMMXW"", ""4QKJTXFU5W"", ""4G5A5WXA22"", ""3E6CCBG5W9"", ""5HKVPEPBJR"", ""7TFW6TZU66"", ""Y27RGZY78G"", ""UWQD73LQUT"", ""SEM3MNUBCN"", ""JHFWUNPKVR"", ""H258W777WV"", ""VDJLYAU789"", ""833M9NLT5K"", ""LLVEDY5XYP"", ""U2FDGGZW7E"", ""2G6J8RS9CH"", ""SD5VUE442D"", ""RGBY4GF7NZ"", ""V9XT3LEEKS"", ""BLTKKNDDCA"", ""PQSRLRCFE3"", ""CMFAZT77A8"", ""LU7AN9K36Z"", ""PKBZ37CH8T"", ""B3SLY9UX8M"", ""3V6QYJRL5H"", ""XC2E6DWN9L"", ""XXYTPZW7EF"", ""7F86FNCP4Q"", ""ZHJZY6BH2W"", ""B9R3JG72KQ"", ""5HZSCAHGWE"", ""5RH4GRVWZA"", ""289FNWS5AC"", ""LGJLEGGHZH"", ""7TCMZSB85R"", ""VAYGCSNQ5K"", ""L9N63GYMYF"", ""E4N3G8FAGX""]"
What are your preferred gaming genres when playing on a PC or laptop?,"{""Action"": 5.6e-05, ""Action-adventure"": 5.6e-05, ""Adventure"": 5.6e-05, ""Casual"": 0.017732, ""MMO"": 5.6e-05, ""MMORPG"": 5.6e-05, ""MOBA"": 5.6e-05, ""Role-playing"": 0.089681, ""Shooters"": 5.6e-05, ""Simulation"": 5.6e-05, ""Sports"": 0.017732, ""Strategy"": 5.6e-05, ""Other"": 0.100235, ""Don\u2019t know"": 0.774116}","[""XXBKL6BNSE"", ""MQ9AK5SMUM"", ""JBFNQU9YAG"", ""FAA3HDEVBA"", ""X3RKCAKCPQ"", ""DM68CRX9C9"", ""KSN59HJERJ"", ""ZPJ3FCBHCY"", ""EK7DNJVTFJ"", ""6RXPEMGMWY"", ""LF8ND6K3GF"", ""G45PXZDS5G"", ""8J7L5CFXKU"", ""C8X8W92VSA"", ""VL6QZS9WJH"", ""L5G889GXUK"", ""8UGALHZUT2"", ""35B6QFJFTW"", ""3AY9RE6YUE"", ""VH5ZQ7NPKS"", ""EWE67L22EC"", ""94Q5CPAQ8R"", ""7VEBY92TTB"", ""GJMPHSAX6C"", ""GVKJ2Y24FQ"", ""WAWRR5TKET"", ""DV448S2LWQ"", ""L3BTQFM8BE"", ""N9U7RR65SK"", ""SUK6JZ9F2A"", ""7P5RMLLXFR"", ""CW8KL9AYWV"", ""37JBSPSSCJ"", ""WUPYPNUK9X"", ""2T36ANZ6ZL"", ""92B2VHGGJL"", ""V4VZEXXNVP"", ""58MVNUN5MM"", ""UQR8662YRJ"", ""DXH5BFSDCK"", ""P3JS74UFAV"", ""YUVSRG7UFR"", ""3WUF4TAU87"", ""H36CJJQHU8"", ""J5GL8T9MP4"", ""P5PNCGDHC8"", ""HQD32GS7RX"", ""UAS4NKQCTG"", ""N9KVDP9S5E"", ""KFYV8S5334"", ""3RP3XQHNNW"", ""RKS4Z45B6F"", ""HTRVEVKTEX"", ""EH859Y5JPH"", ""KL5ZHGEAY6"", ""GGMFJEWYCY"", ""BWGYY6DETD"", ""K7YQJMCAQZ"", ""LGWYPJ8SZN"", ""R5R7GSFXE8"", ""T663EZBLWM"", ""DSJ9VTX28H"", ""8E5VKWW8J2"", ""4YB6YY9F9G"", ""G862QC3A8W"", ""G89VERUEBC"", ""UALT3CS6UZ"", ""UQH33WDDUH"", ""9NMJ9TVC3R"", ""GHJNWJGK5Y"", ""6V8VNVLVNJ"", ""QFQTZER29J"", ""DXYAFEL6ME"", ""BDA8Q2WGB2"", ""CXWYBA6E7V"", ""NDNFR28EAV"", ""4WCTYK7XVD"", ""RQGCXF77WS"", ""HRC9JTYU2C"", ""TNKGYYV5P9"", ""THZTLYCTXB"", ""K7HDDADH7L"", ""NVLKESYFU3"", ""JXDWMZZA5H"", ""897VCZ33RU"", ""D5UE69P2LY"", ""N5GNCDLWKT"", ""YHJYULUVUC"", ""8VT83JMW2V"", ""BU9XPQQXL9"", ""KM2QVAEARA"", ""JXVJ7TJQDP"", ""BFB3FX2M3N"", ""XRHRWEK9NV"", ""4R36YPHRJ5"", ""3MMDKWKGLV"", ""DZXFWEVR8T"", ""XAZVPKWEE8"", ""VM36UYSSRM"", ""CVJ8M5GP5Q""]"
"Which statement comes closer to your own view, even if neither is exactly right?","{""It's not the government's job to protect people from themselves"": 0.672352, ""Sometimes laws to protect people from themselves are necessary"": 0.327648}","[""MEJMKDWZRR"", ""E384G7QRC9"", ""D4GJ6U7GMV"", ""5UL39M79BB"", ""2DNM257FX5"", ""SUHPHNBYMK"", ""JJU2D9E3X7"", ""HRL63BWFXN"", ""XLJX9S7KXB"", ""HEJVHCAVXT"", ""3QKK8W8HS9"", ""X9RXLKRPAU"", ""MFYW6HC6SA"", ""XWQRUP3E2K"", ""TXTAP98F6G"", ""WVXUYWRKBW"", ""LKZB2QGWNW"", ""3PTRC8FWZJ"", ""C4NHDAH622"", ""BSLLVJCZQS"", ""WGXWPX8H99"", ""Y3K653QBBZ"", ""QKPXC8GM4K"", ""PBDSW4MWNH"", ""WJFEMHSDE7"", ""87SFWHKTXD"", ""7NEMCW79NS"", ""X5NXV465YR"", ""DRP9ACS6QT"", ""JHSDAGBALL"", ""ULVGQ6GYJX"", ""KFJ5GFAR85"", ""Z56ED8Z4U8"", ""3XQ6HKF62U"", ""VMZTKNLW4M"", ""526DEUYWYA"", ""M4ERRR6ZG5"", ""5L7FUR8QBY"", ""E6MPBENLB5"", ""JKU98AJVVE"", ""QVSCSCKZJV"", ""TNLG5DQP8H"", ""6Y77WWLBUY"", ""87QJLMFKQY"", ""L3U24TCCTU"", ""4Q2NS8C7EW"", ""J3KPPC56PG"", ""5CQL3SHB5U"", ""HXP2V97V3S"", ""BL9WH8CKUP"", ""XHQDJEBJCF"", ""TAPV26Y3AW"", ""F2FZK8SURX"", ""S4EHQTRXM4"", ""B3K5KRBQCY"", ""DTP9MJZS9Z"", ""P9CSN76BQV"", ""D6QPLN59VM"", ""WS5D8YL9PH"", ""DHBMYXVTY5"", ""RG43392MVT"", ""5YXKYGYASU"", ""D7GC23H6BK"", ""EEG4PWA8LS"", ""LY82AW2RVU"", ""HB6Q42RL9P"", ""2XAXUFQ39U"", ""XHFNYSY6M6"", ""VHVC8NF9AY"", ""659GZ4MUZR"", ""UQ8DYU5WP5"", ""LASBCWMLXF"", ""ZETUDD6PP5"", ""NMU34Q443M"", ""VEXGKRX6ES"", ""K4V7EJCXHV"", ""7Q5UF52ZFH"", ""BBHB9XXTTU"", ""X5E2N9XSX9"", ""KSWQSNDX9D"", ""ZQJPNBH9ZH"", ""BTNF7268KV"", ""9NAZHXR2LS"", ""JSZ7QQWDZA"", ""5LXWHZ8S7C"", ""6G7B8VWNAG"", ""P8Z2RAARZQ"", ""BR5AG85YE4"", ""9PW3T23X7T"", ""77EJS2HT9X"", ""43376UK5UM"", ""4S9GSGQRCK"", ""UVZZNRWTR7"", ""NXDHSS9VS7"", ""T5N2UNJEM2"", ""PFKPL8HRRK"", ""BA76QUA2KQ"", ""W7988LWP7S"", ""22NEAHVR6Z"", ""FK7ZYE7ZEG""]"
How do you usually keep track of your passwords for online accounts?,"{""Write passwords down"": 0.325593, ""Save passwords in their browser"": 0.399876, ""Frequently reset passwords"": 0.274531}","[""PBXQE43ETC"", ""L87CLWS7CN"", ""T5FLALRSJJ"", ""6AABMJZEN2"", ""N7PEZXSE7Z"", ""RD35KPLPW3"", ""3PXGC9HJML"", ""GDFF9Q2SEE"", ""B42SYUPMP2"", ""H2YYDHW7NL"", ""ZD98UC9J5G"", ""ZDU2FD3523"", ""HJ3HRGL9DF"", ""YEFDRNYBSJ"", ""SEDPJHDGUW"", ""TLJ6LXWVCT"", ""5TTYNXKH22"", ""ZZEXTB5QFA"", ""R7VWB66KJ5"", ""X9SKGBAW47"", ""VR4XFF5N6H"", ""RVFTYJGEEE"", ""4RTSNEJYZE"", ""6FBRGV84QV"", ""CCSWM7CU5E"", ""Q3RVWSH237"", ""LGFKXSVVES"", ""XNNCHGK5K8"", ""H39CH36B32"", ""WBRBMLGGC5"", ""SCDNSQYU2B"", ""GDJ2A5BJUB"", ""99WXEYWYKC"", ""CKQPCYCQUN"", ""YGNWFC3YRY"", ""EGR5JLMXJV"", ""CGPHQYRADF"", ""NL7JHH5KT4"", ""BYYMNBURWC"", ""MKRFEFES9W"", ""2J57K5AYJ9"", ""G853XADLRY"", ""HJZ9VUMTSF"", ""UYF9BC8CWW"", ""7V7PZUPUE8"", ""BJC3HZ98U5"", ""YTG4K96ZVX"", ""UQ8DYU5WP5"", ""2DT2L84C6W"", ""BGE8KRFDHD"", ""KWZXWTEMW4"", ""RC8NZH427J"", ""2R88HCM5X4"", ""MFWWYKSTKM"", ""PPGEKKQXH6"", ""BJX3KGCM6S"", ""NFDM26R3AK"", ""CLE9XTRCF5"", ""DBLY3LHFBG"", ""HNNCBB7A9G"", ""9FMGEE5JPB"", ""TDK4PWX3C6"", ""9GJVZ7WQF7"", ""5L7FUR8QBY"", ""CAAGVLKKW8"", ""6UXXARR953"", ""9PNDW6SMZ8"", ""KJ2YTNLNHK"", ""62JLV4FUJT"", ""G3EUXKULD9"", ""LNLCZSWDV3"", ""H5MNAMQTS3"", ""WL8272NYVS"", ""CFDTGB4V5M"", ""2TUNQLA3XY"", ""MLZ3SMD4AB"", ""QNKNJ4DLXJ"", ""6RZB5XC28L"", ""RY4M39SPRQ"", ""96RQFV9UCX"", ""XZHZFFQWEJ"", ""PPRFMF8L2A"", ""ZHWCUXJJC8"", ""WCTW7AWMF6"", ""4F26MRWGS2"", ""YJ7XUWRX2Y"", ""JL56Z4MA8K"", ""DKPDLZXL6E"", ""BVLJBK9JAP"", ""W7FWJXA9TA"", ""3VZL37CHX2"", ""3ERSFQYCKQ"", ""N4CJBMCPYT"", ""FRFP5N8B8W"", ""8GJR3T87ER"", ""M9GZEPZPSB"", ""9R32UK7KPW"", ""V33GC42QKX"", ""PK4ZNET5HG"", ""WKJLSBQHRP""]"
